gt,pred
1.0,0.8242712
0.0,2.2747888e-09
0.0,1.1950981e-08
0.0,0.076052
0.0,0.016368818
0.0,0.96665424
1.0,0.9666912
0.0,0.00024154142
0.0,6.1303153e-06
1.0,0.96367
0.0,0.004936261
0.0,5.7534592e-08
0.0,4.4223674e-05
0.0,0.00071001437
0.0,0.076222226
1.0,0.9153239
0.0,0.0013256548
0.0,7.2667767e-06
0.0,6.806271e-06
0.0,0.00020033965
1.0,0.9579456
1.0,0.98135537
0.0,0.0045266286
0.0,1.5578298e-06
0.0,0.00035038582
0.0,0.00043142028
0.0,9.048122e-10
1.0,0.9618443
0.0,0.0143903615
0.0,0.00019035324
0.0,0.00014778604
0.0,0.06585044
0.0,0.0033005192
0.0,0.00033891154
0.0,0.01550795
0.0,8.257379e-07
0.0,0.0042513963
1.0,0.022731412
0.0,9.3110725e-07
0.0,5.220162e-05
0.0,9.649577e-08
0.0,1.260161e-05
0.0,0.005252181
0.0,0.0004604805
0.0,0.0006060211
0.0,0.0022198395
1.0,0.9844413
0.0,0.00022900177
0.0,0.0009749909
0.0,7.8578016e-10
0.0,0.016358977
0.0,0.0014704206
0.0,1.8623095e-05
0.0,4.5615983e-05
0.0,6.8291284e-09
0.0,1.7772082e-07
0.0,0.00026156337
0.0,0.0015326799
1.0,0.82462984
0.0,0.000112421
1.0,0.9782788
1.0,0.9605249
1.0,0.74630284
1.0,0.9375219
0.0,0.09890043
0.0,0.016027711
1.0,0.977453
0.0,5.4204273e-05
0.0,0.0052770944
0.0,0.2527063
0.0,0.00043530797
1.0,0.9795817
0.0,0.0008069137
0.0,0.0053318134
0.0,3.5737107e-06
0.0,7.611017e-05
0.0,0.0039951275
0.0,5.5720148e-14
0.0,0.00021569508
0.0,4.377664e-05
1.0,0.93177795
1.0,0.9815075
0.0,0.0024135904
0.0,5.50078e-05
0.0,0.026190342
0.0,1.522611e-05
0.0,0.0048005655
0.0,0.027261864
0.0,0.0005634105
0.0,1.6527673e-07
0.0,0.093128465
0.0,0.00022378987
0.0,6.5400695e-06
0.0,0.00283177
0.0,1.9301215e-08
0.0,7.2319326e-06
0.0,0.00092891045
0.0,0.0005550364
0.0,0.0018287506
0.0,1.103377e-07
0.0,1.4670776e-06
0.0,4.7903788e-09
1.0,0.78717333
0.0,0.00058686803
0.0,0.8967456
0.0,0.0009522307
0.0,0.00028283166
1.0,0.93175894
1.0,0.40717137
0.0,1.1291325e-09
1.0,0.98212105
0.0,0.03401437
0.0,0.00017584347
0.0,6.269875e-26
0.0,0.003598773
0.0,0.003955306
0.0,0.00015285765
0.0,0.00022752315
0.0,6.0535658e-05
0.0,0.0071097887
0.0,0.0024438181
0.0,0.00033379358
1.0,0.9817535
0.0,0.008839276
0.0,0.00018586619
0.0,0.8508709
0.0,8.170042e-05
1.0,0.95315874
0.0,0.000170166
0.0,0.004328587
0.0,0.0033122445
0.0,0.0010787387
0.0,0.0023942022
0.0,0.007320782
0.0,0.00034550822
0.0,0.0009515297
0.0,0.49824014
0.0,6.6291847e-18
0.0,0.02246835
0.0,0.012054381
0.0,0.00020621493
0.0,7.1815055e-05
0.0,0.0016875152
0.0,1.4994144e-12
1.0,0.98522305
0.0,0.026482204
0.0,0.00055059744
0.0,0.0022990732
0.0,2.007448e-09
0.0,2.330416e-06
0.0,0.00028174464
1.0,0.9821717
0.0,0.00132204
0.0,3.0212295e-06
0.0,0.0020659126
0.0,1.699906e-07
0.0,0.00044838822
0.0,0.011923653
0.0,2.3087417e-18
0.0,4.369667e-06
0.0,0.00011842526
0.0,0.00089860987
1.0,0.9745668
0.0,0.000326926
0.0,0.0016818725
0.0,0.0011945514
1.0,0.97828966
0.0,0.43928576
0.0,1.5471402e-07
0.0,0.0026376708
0.0,0.00021344423
0.0,0.00029144395
0.0,0.01507369
0.0,2.5757447e-18
1.0,0.9847948
0.0,5.356329e-17
1.0,0.9753052
1.0,0.9179071
0.0,0.004766334
0.0,2.974604e-05
0.0,0.78605276
0.0,7.620059e-05
0.0,0.31394613
0.0,0.0009366758
0.0,2.045571e-08
0.0,0.0003008331
0.0,0.0006701206
0.0,0.0045570764
0.0,0.00015511514
0.0,2.5276713e-05
0.0,0.0026121184
0.0,0.0008139532
0.0,1.3136614e-10
1.0,0.6847943
0.0,4.3422053e-14
0.0,0.008141261
0.0,3.4730998e-05
0.0,0.00045586858
0.0,4.8863047e-05
0.0,0.0011698311
0.0,0.00048993086
0.0,9.061547e-06
0.0,5.0192662e-05
0.0,0.047643583
0.0,0.00020767628
0.0,3.1561664e-20
0.0,9.516397e-06
0.0,0.00073749246
0.0,0.023919271
1.0,0.89860135
0.0,7.755693e-06
1.0,0.96541536
0.0,0.10104679
0.0,0.0069724764
0.0,9.0966285e-05
1.0,0.9405588
0.0,2.0663997e-06
1.0,0.9863593
0.0,8.839357e-08
0.0,0.00081117346
0.0,0.14465947
0.0,8.661315e-08
0.0,3.43969e-06
0.0,0.0015031077
0.0,4.1157335e-09
0.0,1.1555211e-09
0.0,3.9696996e-12
0.0,9.448261e-05
0.0,0.024657585
1.0,0.89638823
0.0,0.35793152
0.0,0.000120918914
0.0,8.182843e-07
0.0,1.608485e-05
0.0,0.00024142172
0.0,1.4515078e-14
0.0,1.7685546e-05
0.0,1.8747894e-11
0.0,0.0004123517
0.0,2.3864379e-05
0.0,0.0035729988
0.0,2.587686e-22
0.0,0.095282346
0.0,2.6899088e-12
0.0,0.024707587
0.0,0.012734196
0.0,0.00048569206
1.0,0.5576101
0.0,1.9820432e-05
0.0,0.00877825
0.0,0.13293242
0.0,0.008263169
0.0,0.0012739148
0.0,0.00026108226
0.0,0.00015398042
0.0,0.0031328443
0.0,0.011454183
0.0,0.0025985923
0.0,0.00021730829
0.0,1.0718494e-05
0.0,0.70553523
0.0,0.00024834517
0.0,0.04584212
1.0,0.93459773
0.0,0.0002849015
0.0,0.001262731
0.0,0.0013024793
0.0,4.7258853e-11
0.0,0.00021347518
0.0,0.00011572396
0.0,0.00025433992
0.0,2.2422853e-06
1.0,0.98810893
0.0,7.281919e-05
0.0,0.00036480007
0.0,0.005595969
0.0,0.00016646332
1.0,0.97819215
0.0,1.3294364e-05
1.0,0.96377355
0.0,8.805516e-06
0.0,0.008907161
0.0,3.5881342e-10
0.0,4.4947474e-10
0.0,0.006053234
0.0,1.0214257e-09
0.0,0.00092910515
0.0,0.00526048
0.0,3.8984804e-06
1.0,0.98543143
0.0,0.001155412
0.0,4.3778903e-10
0.0,0.35558304
0.0,3.5507153e-05
0.0,0.0014713871
0.0,0.0009997693
0.0,0.00012571288
1.0,0.96148723
0.0,1.1162619e-07
0.0,0.011353116
0.0,0.0004742757
0.0,0.5572535
0.0,0.019862285
0.0,0.00049828243
0.0,0.00019472047
1.0,0.9852879
1.0,0.8934297
1.0,0.90085346
0.0,4.9614744e-05
0.0,0.00012547564
0.0,0.0012079868
0.0,7.638742e-05
0.0,0.00037337554
1.0,0.3242966
0.0,1.7215176e-06
0.0,0.0001847731
0.0,0.00010927597
0.0,5.6511188e-05
0.0,0.00014461727
0.0,0.00041562764
0.0,1.0409732e-06
0.0,0.012979381
0.0,0.43679065
1.0,0.9382104
0.0,2.3640852e-05
1.0,0.93832284
0.0,0.0010477843
0.0,0.012671236
1.0,0.9862824
0.0,0.043817304
0.0,0.57167906
0.0,0.010463723
0.0,1.676971e-18
0.0,4.639028e-06
0.0,0.0010838562
0.0,0.00020800224
0.0,0.0017406191
0.0,1.9843828e-05
1.0,0.98803127
0.0,5.5771045e-05
0.0,0.020597091
0.0,0.00045202035
0.0,0.00041747015
0.0,0.0008340946
0.0,0.05333004
0.0,0.00021076907
0.0,0.0006903322
0.0,3.5607597e-11
0.0,6.5422646e-06
0.0,3.2672567e-06
0.0,7.264846e-08
0.0,0.00082635327
0.0,0.010071015
0.0,0.0008831367
1.0,0.9869162
0.0,0.0034610953
0.0,0.0008364513
0.0,0.0016960389
0.0,0.8760059
0.0,7.8674657e-07
0.0,0.00042175842
0.0,0.00038080424
0.0,0.0022774509
0.0,0.00319074
0.0,0.0059273206
0.0,0.00022519055
0.0,0.00015369953
1.0,0.9799243
0.0,8.2107285e-08
1.0,0.98553
0.0,0.01404679
0.0,6.9255715e-05
1.0,0.97841704
1.0,0.6377667
0.0,0.0017453998
0.0,0.00014158108
0.0,0.0009646423
0.0,0.0043026367
0.0,0.0022948934
0.0,0.00030680562
0.0,2.4441035e-05
0.0,0.002403802
0.0,0.0003402557
0.0,0.08093398
0.0,7.766887e-15
0.0,0.0015072944
0.0,0.022956714
0.0,0.00010497173
0.0,8.809229e-06
0.0,0.00021949582
0.0,6.94791e-06
0.0,0.0005748289
0.0,0.00039035745
1.0,0.7624032
1.0,0.956494
0.0,0.00045899668
0.0,9.9618164e-15
1.0,0.98149705
0.0,4.850788e-12
0.0,0.00015981513
0.0,0.05191021
0.0,0.011754307
0.0,0.0010470698
0.0,2.0582514e-05
0.0,6.9063376e-06
0.0,0.00015588348
0.0,7.4635395e-06
0.0,0.00013072779
0.0,4.3726446e-05
0.0,0.0024613112
0.0,0.00016063309
0.0,0.0012855821
0.0,0.00016924074
0.0,0.0007136008
1.0,0.9372696
1.0,0.9721352
1.0,0.9744567
1.0,0.96759975
1.0,0.93606853
0.0,0.11370245
0.0,3.0782396e-10
0.0,0.91297084
1.0,0.94759786
0.0,0.013044202
0.0,0.00044032917
0.0,1.336817e-10
1.0,0.9849726
1.0,0.9267325
0.0,4.631671e-07
0.0,1.2545013e-07
1.0,0.8286966
0.0,0.0014261411
0.0,0.015799103
0.0,0.0041494127
0.0,1.1682872e-07
0.0,0.4356431
0.0,0.004589476
0.0,0.00013191035
0.0,4.0726296e-05
0.0,5.275212e-07
0.0,0.0005546507
0.0,0.036131363
0.0,7.4326993e-09
0.0,5.194138e-09
0.0,1.4706517e-08
0.0,1.11366374e-10
0.0,4.8314258e-05
0.0,0.011188171
1.0,0.6161133
0.0,2.6441387e-07
0.0,0.0011936313
0.0,9.612246e-09
0.0,0.0008145808
0.0,0.0020289912
1.0,0.80906665
0.0,0.0031031305
0.0,4.1749383e-05
0.0,0.002167626
0.0,0.0054509966
0.0,0.00016252426
0.0,6.932799e-06
0.0,1.8728769e-06
0.0,0.0026997032
0.0,0.78321654
1.0,0.9811187
0.0,0.00014530536
0.0,2.2498992e-17
0.0,8.211931e-06
0.0,2.7376707e-05
0.0,4.1870705e-11
0.0,0.0005822637
0.0,2.8137258e-05
0.0,0.00045383288
0.0,6.665689e-10
0.0,9.259071e-10
0.0,0.0007409754
0.0,0.22739044
0.0,2.6376488e-09
0.0,2.1474278e-15
0.0,0.00032378544
1.0,0.9857371
1.0,0.98582053
0.0,2.2841988e-15
0.0,0.002434748
0.0,0.00020471898
1.0,0.9549654
0.0,3.9388152e-07
0.0,0.020858856
0.0,2.1002343e-10
0.0,2.022799e-05
1.0,0.8982916
0.0,0.003826748
0.0,8.983083e-05
1.0,0.98190224
0.0,0.00058433466
0.0,0.012066591
0.0,2.1900937e-09
0.0,0.0007137937
0.0,0.0017170993
1.0,0.94959134
1.0,0.9765521
1.0,0.120380744
1.0,0.9544929
0.0,0.00010387571
0.0,0.00031174856
0.0,1.6775366e-06
0.0,5.981099e-07
0.0,0.00042949396
0.0,1.3934218e-07
0.0,0.00027104325
0.0,2.2689354e-05
1.0,0.972954
0.0,5.8257472e-05
1.0,0.7952161
1.0,0.7600921
0.0,0.48307127
0.0,5.0778607e-07
0.0,0.0007954259
1.0,0.019035798
0.0,1.9458328e-10
0.0,2.9253736e-06
1.0,0.81143457
1.0,0.9400712
0.0,0.0031032115
0.0,0.00039835853
1.0,0.9843763
0.0,6.248921e-05
0.0,0.0029988235
1.0,0.97190577
0.0,0.0046595135
1.0,0.95538336
0.0,5.039074e-05
0.0,4.0842028e-09
0.0,5.0418053e-10
0.0,0.0003548074
0.0,0.0013483647
0.0,9.456068e-07
0.0,0.0008606337
1.0,0.9699136
0.0,1.8630059e-05
0.0,2.1653018e-12
0.0,0.014124969
0.0,0.00043538146
0.0,0.0001735185
1.0,0.97401357
0.0,0.001696193
0.0,0.07213939
0.0,4.3814063e-05
0.0,0.000860621
0.0,0.0053898515
0.0,0.0026283993
0.0,0.07968286
1.0,0.98052204
1.0,0.89019525
0.0,0.02064721
0.0,1.4415975e-10
0.0,0.00034829168
1.0,0.9150966
0.0,5.1545407e-10
0.0,0.0005205701
1.0,0.94311213
0.0,0.0069456697
0.0,0.09365377
0.0,4.8327115e-07
1.0,0.97313344
0.0,6.559039e-06
0.0,0.003937174
0.0,0.00024185945
0.0,1.1679473e-13
1.0,0.8908996
0.0,0.00021411505
0.0,8.714607e-08
1.0,0.9661266
1.0,0.9743671
0.0,0.08988549
1.0,0.98408395
1.0,0.9694652
1.0,0.90430725
0.0,0.03349404
0.0,0.091667704
0.0,4.309083e-06
0.0,0.009931935
0.0,0.0020025698
0.0,5.9465646e-07
0.0,0.17220521
0.0,0.0016566977
0.0,1.7105912e-14
0.0,5.3610776e-05
0.0,0.014125075
0.0,3.965564e-06
0.0,0.00022380608
0.0,6.9829825e-06
0.0,0.0006352366
1.0,0.9386522
0.0,0.0007819244
0.0,7.663041e-07
0.0,0.012908402
1.0,0.98164165
0.0,0.018392805
0.0,0.0022338098
0.0,0.0027678707
0.0,0.013787278
0.0,1.8834497e-06
0.0,0.00016146511
0.0,1.4905039e-12
0.0,2.8619437e-10
0.0,1.0960698e-05
0.0,0.004588553
1.0,0.9704004
0.0,0.0015384502
0.0,0.010811791
0.0,5.1173794e-07
0.0,0.0058584968
1.0,0.9850413
1.0,0.9620776
1.0,0.88215333
0.0,0.0017735232
1.0,0.8621017
0.0,0.902467
0.0,1.049975e-09
0.0,2.8352161e-11
0.0,0.15955307
0.0,3.1092102e-07
0.0,5.9527338e-05
0.0,4.0964107e-10
0.0,0.0007048562
0.0,0.0019603297
1.0,0.9283837
0.0,0.00073860097
0.0,1.0621527e-06
0.0,0.0016709141
0.0,3.8584504e-11
0.0,4.4161472e-05
1.0,0.81785244
1.0,0.98039734
0.0,0.28744128
0.0,6.019955e-12
0.0,1.7431248e-15
0.0,0.0003996891
0.0,0.019894702
1.0,0.22011414
0.0,1.5644266e-05
0.0,0.00013245345
0.0,0.00061915343
0.0,0.0013217705
0.0,1.44496575e-08
0.0,1.5101019e-13
0.0,5.9917618e-09
0.0,0.0014306238
0.0,0.020138284
0.0,3.820101e-05
1.0,0.98680204
0.0,3.369024e-10
0.0,0.000166162
0.0,0.0035310022
0.0,4.527585e-12
1.0,0.9679739
0.0,4.877343e-05
1.0,0.28588516
1.0,0.909792
1.0,0.7399551
0.0,4.0675604e-05
0.0,0.1022383
0.0,0.0018857933
0.0,0.016203374
0.0,0.00051056664
0.0,1.1157759e-05
0.0,0.00039136104
1.0,0.981696
1.0,0.9506822
0.0,1.8229193e-05
0.0,0.00031990977
0.0,2.4847184e-05
1.0,0.6418296
0.0,0.003293709
0.0,0.001198754
0.0,0.17555103
0.0,0.00017393376
1.0,0.9792885
0.0,0.00042884817
0.0,1.4395295e-06
0.0,0.048845913
0.0,0.05087964
0.0,0.014710405
0.0,4.0149915e-12
1.0,0.9772465
0.0,0.00036011837
0.0,0.0011718399
1.0,0.43611693
0.0,3.0733908e-08
0.0,0.0025709535
0.0,0.009816192
0.0,0.0026080913
0.0,0.0002817403
0.0,6.2325104e-14
0.0,0.00046035813
0.0,0.021499822
0.0,0.013462283
0.0,0.013993122
0.0,0.0029175926
0.0,0.003203511
0.0,0.0024295708
0.0,0.0021421912
0.0,0.0045589022
0.0,0.006090787
0.0,0.00482044
0.0,2.6840431e-14
1.0,0.97497874
1.0,0.9802372
0.0,0.00031059276
1.0,0.98115945
0.0,2.5757274e-05
0.0,1.0507788e-06
0.0,0.011808857
0.0,0.032584213
0.0,9.84531e-07
0.0,0.03322761
1.0,0.97644717
0.0,0.0064812773
1.0,0.914499
0.0,0.0001312549
0.0,0.0002075088
0.0,4.4484105e-07
0.0,3.281234e-14
0.0,0.00039514893
0.0,0.016126046
0.0,0.002508474
0.0,0.010198536
0.0,0.033920847
1.0,0.9616776
0.0,0.00069652795
0.0,0.002334081
0.0,8.358374e-05
0.0,0.0028037
0.0,5.4883585e-06
1.0,0.9623961
0.0,0.00024900452
1.0,0.8916199
0.0,0.004292983
0.0,0.0031823958
0.0,9.812329e-08
0.0,1.313843e-05
0.0,0.031152502
0.0,9.021464e-05
1.0,0.966754
0.0,0.00018223085
0.0,0.013218324
0.0,0.0066846423
0.0,1.7959201e-12
0.0,0.0007663125
1.0,0.92144513
1.0,0.6744191
1.0,0.97393566
1.0,0.9835814
0.0,6.464844e-06
0.0,2.3097496e-15
0.0,0.005852285
0.0,0.0002723355
0.0,2.6430473e-09
0.0,0.00028084565
0.0,0.00092001684
0.0,0.008568002
0.0,1.510429e-11
1.0,0.97907454
0.0,0.00019152387
1.0,0.9504867
0.0,9.7366634e-14
0.0,0.00047034063
0.0,1.7765724e-05
0.0,0.0006581023
0.0,0.0064300005
1.0,0.9798539
0.0,2.3301332e-13
1.0,0.7685121
0.0,0.00074703275
0.0,0.0036568583
0.0,4.091416e-05
0.0,8.273287e-05
0.0,9.872186e-05
1.0,0.46428415
0.0,1.29010095e-05
0.0,5.3596464e-06
0.0,1.2889929e-05
0.0,0.010886224
0.0,1.239049e-11
0.0,0.023808077
1.0,0.9799075
1.0,0.35446122
0.0,0.028911633
0.0,1.3629578e-07
1.0,0.8891988
1.0,0.9744761
0.0,0.0018653416
1.0,0.9614053
0.0,7.869615e-05
0.0,0.0012722549
0.0,8.134058e-05
0.0,0.00026269528
0.0,0.0016294623
0.0,4.7357694e-06
1.0,0.91623884
1.0,0.9813644
0.0,0.0014796954
0.0,0.00086654304
1.0,0.96574146
0.0,5.6622953e-06
1.0,0.8890752
0.0,5.387059e-08
0.0,4.4020966e-14
0.0,0.00024498356
0.0,0.00026593803
1.0,0.90817684
0.0,0.025644893
0.0,0.00020652523
0.0,0.0009999727
1.0,0.9860291
1.0,0.96792597
0.0,8.080131e-09
0.0,0.00018667198
0.0,0.0043483297
0.0,1.2154581e-09
0.0,4.7830705e-05
0.0,0.00047172132
0.0,0.0012307627
0.0,0.016592354
0.0,0.00019562992
0.0,0.12759031
0.0,5.183141e-07
0.0,5.784075e-10
0.0,0.0009427745
0.0,0.0032977625
0.0,0.02201383
1.0,0.93722194
0.0,0.9612734
0.0,5.2967986e-05
0.0,2.1031337e-09
0.0,1.2783299e-06
0.0,0.010480078
0.0,3.4240394e-35
0.0,0.0009720956
0.0,0.0047093984
0.0,0.0006361924
0.0,0.010777559
0.0,2.3968225e-06
0.0,0.014267475
0.0,0.00080722634
1.0,0.80579406
0.0,2.8059736e-05
0.0,1.7095628e-06
1.0,0.96789885
1.0,0.9837489
0.0,3.0308639e-13
0.0,0.0008352327
0.0,0.0043070354
0.0,0.005645869
0.0,7.861909e-06
0.0,7.4595344e-05
0.0,0.011780024
1.0,0.95646876
0.0,0.0035251381
0.0,0.06396839
0.0,6.2128594e-05
1.0,0.9637672
0.0,0.004617015
0.0,1.2423125e-05
0.0,0.0010802792
0.0,0.006544412
0.0,0.00064387027
0.0,0.0018706528
1.0,0.9152846
1.0,0.9580642
0.0,2.717574e-05
0.0,0.00076982094
0.0,3.8900594e-09
0.0,8.9525525e-07
1.0,0.97334576
1.0,0.9072871
0.0,5.358297e-06
1.0,0.9653547
0.0,0.00014655576
0.0,0.014756326
0.0,0.027422622
0.0,0.08572709
0.0,0.011254845
1.0,0.405971
0.0,0.05404122
1.0,0.9304812
1.0,0.94681996
0.0,0.019042244
0.0,0.009337025
0.0,2.2998303e-09
0.0,0.00025452694
1.0,0.9864478
1.0,0.98421985
0.0,0.0001561946
0.0,0.01428615
0.0,0.23802218
0.0,0.02683428
1.0,0.9564766
1.0,0.930752
1.0,0.9773737
0.0,0.000981021
1.0,0.9677128
1.0,0.92557466
0.0,1.6911773e-15
0.0,0.03994698
0.0,0.010798372
0.0,0.0008174622
0.0,0.00032215688
0.0,0.00030114618
0.0,0.00027329792
0.0,0.00041845988
0.0,0.0010464147
0.0,0.00090077065
1.0,0.921627
1.0,0.98026913
0.0,0.0064213
0.0,0.00080669613
1.0,0.9722063
0.0,0.0002728881
0.0,2.7570792e-22
0.0,0.0033972112
0.0,1.3795228e-06
0.0,0.00016982251
0.0,0.00027528725
0.0,2.1529537e-05
0.0,0.0001505987
0.0,5.8799424e-07
0.0,0.00038908722
0.0,0.02584467
1.0,0.9435285
1.0,0.9827077
0.0,0.017539984
0.0,0.029710416
0.0,0.00020969326
0.0,0.00031378452
0.0,0.00043168478
0.0,0.00022038036
0.0,9.558322e-07
0.0,4.205937e-06
0.0,0.020967761
0.0,2.948241e-05
0.0,1.395032e-09
0.0,0.00023301785
0.0,0.0006846367
1.0,0.9847381
1.0,0.98439944
0.0,0.00018308425
0.0,3.359359e-05
0.0,2.2258873e-05
0.0,4.6323294e-08
0.0,0.007377245
0.0,0.0009013415
0.0,4.8129205e-06
0.0,0.0010504099
0.0,1.3204796e-17
0.0,0.00041224307
0.0,2.2981004e-11
0.0,0.0025534541
1.0,0.97506636
0.0,2.5815873e-06
0.0,0.9818809
0.0,1.8305215e-06
0.0,0.00091172766
0.0,9.884045e-08
0.0,0.00089485524
0.0,0.0002660509
1.0,0.9748344
0.0,0.016166475
0.0,0.01632685
0.0,5.3708678e-09
0.0,0.00016348215
0.0,3.7576836e-08
0.0,0.0017791737
0.0,0.00078206597
0.0,5.3956002e-05
0.0,0.013645548
0.0,0.00036585252
0.0,0.032501478
0.0,0.01013002
0.0,0.0002007012
0.0,2.9857301e-05
0.0,0.0034555458
0.0,0.0044360096
0.0,4.8232653e-09
0.0,0.000325827
0.0,0.00030093407
1.0,0.9485131
1.0,0.9628692
0.0,5.538322e-07
0.0,0.003344639
0.0,3.5122972e-07
1.0,0.17379852
0.0,0.0047893138
0.0,0.0017438766
0.0,0.0002950733
1.0,0.5201835
1.0,0.5737598
1.0,0.9780742
1.0,0.98820144
0.0,2.2384498e-20
1.0,0.9338746
0.0,6.5702307e-07
0.0,0.0008011338
0.0,0.0012930576
0.0,7.65638e-08
0.0,0.00053922005
1.0,0.9592066
0.0,0.00013287661
0.0,0.0004043061
0.0,0.0013455803
1.0,0.95169693
0.0,3.9004357e-05
0.0,0.001602362
0.0,1.317086e-05
0.0,7.3334246e-07
0.0,0.017750327
0.0,0.32733673
0.0,0.00016261837
0.0,1.978712e-10
0.0,1.595783e-09
0.0,0.00070074486
0.0,5.905788e-06
0.0,8.766453e-05
0.0,7.222297e-11
1.0,0.9389406
0.0,0.00020775113
0.0,0.0005168481
0.0,0.0007474508
0.0,6.579888e-06
0.0,0.00029295
0.0,0.00019452468
1.0,0.9756541
1.0,0.9516434
1.0,0.9590116
0.0,2.3301727e-05
0.0,5.227633e-06
0.0,0.0014146353
0.0,5.05488e-06
0.0,0.00096938334
0.0,0.0026762544
0.0,0.6270359
0.0,0.00016650077
1.0,0.9422915
0.0,0.0026946738
1.0,0.9818349
0.0,1.1294797e-16
0.0,0.00022430216
0.0,0.00059789326
0.0,4.3600612e-05
0.0,0.15863693
0.0,3.198504e-08
0.0,6.321763e-06
0.0,0.0028041506
0.0,0.0011513617
1.0,0.9771656
0.0,0.07225854
1.0,0.9858208
0.0,0.07231179
0.0,2.1837247e-06
1.0,0.806697
0.0,0.000100753576
0.0,1.2143342e-07
0.0,6.749866e-05
0.0,7.859827e-05
0.0,5.5281006e-08
0.0,0.000568399
0.0,4.0276632e-07
0.0,0.00011953109
0.0,9.418364e-06
1.0,0.9239765
0.0,0.14873257
1.0,0.96582985
1.0,0.9020452
1.0,0.9744374
0.0,0.00075891335
0.0,2.168605e-11
1.0,0.97158414
0.0,9.793612e-12
0.0,0.06910922
0.0,0.0009916485
0.0,5.6467536e-19
0.0,1.2415334e-06
0.0,2.1779849e-08
0.0,0.0021423611
0.0,0.0017425762
1.0,0.98076147
1.0,0.9791924
0.0,8.7551576e-05
0.0,0.0012514449
0.0,0.0037747556
0.0,0.0015055743
1.0,0.9228272
0.0,2.7916038e-05
0.0,0.0015154183
0.0,4.979479e-06
0.0,1.9852801e-05
0.0,7.854234e-06
0.0,0.00043880474
1.0,0.87899834
0.0,2.0638121e-05
0.0,8.9464584e-07
1.0,0.98863053
0.0,8.187204e-13
0.0,9.107863e-06
0.0,0.0017381062
0.0,0.00015771783
0.0,0.00015964881
0.0,0.00037277018
0.0,4.6358922e-15
0.0,0.014599355
0.0,1.9183537e-07
1.0,0.9799708
0.0,0.00010748118
0.0,3.6402886e-05
1.0,0.9858525
0.0,2.2608711e-07
0.0,0.0004486702
0.0,0.0002819787
0.0,0.0010869296
0.0,0.0062362873
0.0,0.00014046377
1.0,0.98596144
0.0,0.00030207034
0.0,9.93335e-06
0.0,1.2148051e-08
1.0,0.9161976
0.0,3.856087e-08
0.0,4.8988324e-05
0.0,0.009217902
0.0,1.04304024e-10
0.0,0.000394388
0.0,0.0034930678
0.0,0.00010795512
0.0,3.1857395e-10
0.0,9.432459e-06
0.0,0.00010782744
0.0,0.00064067956
0.0,0.006820129
0.0,0.0002309784
1.0,0.9889892
0.0,1.1265696e-05
0.0,6.574079e-08
1.0,0.9474096
0.0,3.853643e-05
0.0,0.17752874
0.0,0.0011456148
1.0,0.9525279
1.0,0.86958486
0.0,9.572982e-07
0.0,0.006623181
0.0,0.00012355222
0.0,0.013978486
1.0,0.5190275
0.0,0.0011107218
1.0,0.9829593
0.0,0.003171053
0.0,0.13990174
0.0,1.3617495e-13
1.0,0.979261
1.0,0.83289975
1.0,0.9546716
0.0,0.00019791513
0.0,3.2355895e-12
0.0,0.014200447
0.0,5.91402e-09
0.0,4.205092e-08
0.0,0.00020873814
1.0,0.979977
0.0,0.0014191387
1.0,0.9849391
0.0,1.9309524e-05
0.0,0.056121055
0.0,0.0009842423
1.0,0.95080453
0.0,1.1103632e-14
0.0,0.00052100274
1.0,0.9336348
0.0,0.0033352135
0.0,1.6274757e-07
0.0,5.2396426e-05
0.0,0.0014281954
1.0,0.9807129
1.0,0.97814673
1.0,0.92315173
1.0,0.98483884
1.0,0.83778155
0.0,0.007697169
0.0,0.008551993
0.0,0.97247577
0.0,0.0042270995
0.0,4.5969788e-05
1.0,0.9492507
0.0,0.00057629775
0.0,1.0999087e-05
0.0,2.8815803e-10
0.0,8.9160385e-05
0.0,8.9539014e-07
0.0,0.009974832
0.0,0.17227633
1.0,0.95001996
1.0,0.98264426
0.0,6.583827e-05
0.0,5.226356e-13
0.0,0.00068624533
0.0,0.004039071
0.0,0.01988877
0.0,0.0
0.0,4.0132985e-05
0.0,8.854112e-06
1.0,0.97355866
0.0,0.0033866242
1.0,0.96310246
0.0,7.151143e-05
0.0,2.3702476e-09
0.0,6.227701e-05
0.0,0.0010018942
0.0,0.014357038
1.0,0.98590094
0.0,0.026432652
1.0,0.98320967
0.0,0.0030400022
1.0,0.8170326
0.0,1.6450032e-10
0.0,2.723993e-05
0.0,3.6910173e-05
0.0,0.00065809506
0.0,0.012936124
0.0,0.00021691414
1.0,0.95758593
0.0,0.010442922
1.0,0.94399464
0.0,0.00010424514
0.0,4.172288e-08
1.0,0.6564516
1.0,0.9071542
0.0,0.0022460918
0.0,9.666547e-11
0.0,0.0012360299
1.0,0.9616736
1.0,0.16088404
1.0,0.98591983
0.0,0.00019325408
0.0,7.5648714e-08
1.0,0.8340865
0.0,0.94970906
0.0,0.9401904
0.0,0.0
0.0,3.5019935e-11
1.0,0.9401761
0.0,0.00068031636
0.0,3.4284443e-05
0.0,0.026646012
0.0,0.0604444
0.0,4.930242e-06
0.0,0.69776034
0.0,0.0014701141
0.0,0.000114897106
1.0,0.91563874
0.0,0.002137729
1.0,0.93338436
1.0,0.9778596
1.0,0.90569514
1.0,0.97693175
0.0,0.00023863156
0.0,0.00065881136
1.0,0.94459754
0.0,1.2950563e-08
1.0,0.9799448
1.0,0.9738516
0.0,0.0005477922
0.0,0.00057126017
0.0,0.19661953
1.0,0.9731907
0.0,0.0
1.0,0.5952062
1.0,0.957311
1.0,0.8663248
0.0,3.8721982e-08
0.0,2.284815e-10
1.0,0.9711803
1.0,0.95956355
0.0,9.415936e-05
1.0,0.9527631
0.0,0.00075433776
1.0,0.97032344
1.0,0.9786276
0.0,0.010777387
0.0,1.9827172e-07
1.0,0.9562793
1.0,0.83978456
0.0,1.8505157e-09
0.0,0.0018551304
0.0,0.0008390741
1.0,0.9749142
1.0,0.91539574
0.0,1.626271e-08
1.0,0.97265154
0.0,0.00022599135
0.0,1.6663369e-06
0.0,6.2590356e-05
0.0,0.37969714
1.0,0.88225013
0.0,4.4958295e-05
0.0,0.4192912
0.0,1.23254065e-08
0.0,0.00073458726
0.0,0.036957506
0.0,9.840656e-14
0.0,2.3616431e-08
0.0,1.6582791e-09
1.0,0.9759414
0.0,0.0009810957
0.0,0.0008315702
0.0,1.9770985e-09
1.0,0.9781051
1.0,0.96795636
1.0,0.970699
0.0,0.0024300595
0.0,0.012035804
0.0,0.020755686
0.0,0.010486097
1.0,0.911896
1.0,0.9760867
1.0,0.97555035
1.0,0.5787363
1.0,0.9036735
0.0,0.3159125
0.0,0.44084248
1.0,0.9835164
0.0,0.0016421989
0.0,0.0002069303
0.0,0.0015530348
0.0,7.8909485e-05
0.0,2.9461753e-05
0.0,0.55995476
0.0,0.0005900706
0.0,0.00056115375
0.0,0.011861441
0.0,0.019525565
0.0,0.03761193
0.0,0.0076655806
0.0,0.000121877994
0.0,0.00029058638
0.0,0.0005806067
0.0,0.0006696051
0.0,5.893526e-09
0.0,7.877939e-06
1.0,0.44717282
1.0,0.92387533
0.0,0.96582085
0.0,0.015014946
0.0,0.00035270228
0.0,3.8677443e-17
1.0,0.91278905
0.0,7.496755e-09
1.0,0.32280898
1.0,0.48983303
1.0,0.9030276
0.0,0.0005126897
0.0,4.596852e-05
1.0,0.97777885
1.0,0.62991166
0.0,1.226986e-05
0.0,0.0012186435
0.0,3.3290937e-05
0.0,0.00036107883
0.0,2.7479293e-05
1.0,0.0013823931
0.0,9.035213e-05
0.0,6.819933e-11
1.0,0.98343974
0.0,7.106152e-07
0.0,0.15416043
0.0,1.4547557e-05
0.0,2.7489943e-07
0.0,4.5547822e-05
0.0,1.5004658e-05
0.0,0.007007726
0.0,0.0009604486
0.0,0.00016174339
0.0,7.8586015e-07
0.0,0.016352065
0.0,0.002371225
1.0,0.98168176
0.0,0.00024418716
0.0,0.34437513
1.0,0.9781205
1.0,0.8349736
1.0,0.7718089
1.0,0.69006556
0.0,0.00014740224
1.0,0.94563264
0.0,0.015038412
1.0,0.9459451
1.0,0.9854253
1.0,0.976985
0.0,0.0018656355
0.0,0.0006685692
0.0,2.0359363e-09
0.0,0.00078730803
0.0,7.474766e-05
0.0,0.0038077158
0.0,2.95129e-05
1.0,0.9556777
0.0,0.23929787
1.0,0.9721264
1.0,0.9897816
0.0,0.00022701806
0.0,5.9155154e-05
0.0,0.0077271247
0.0,0.00011547309
1.0,0.40520903
1.0,0.96944964
1.0,0.98586816
0.0,0.0073518376
0.0,0.0006158952
1.0,0.9733184
0.0,3.8747363e-05
0.0,0.0005394868
0.0,5.174011e-05
1.0,0.90226114
0.0,8.271371e-08
0.0,4.8173288e-06
0.0,1.0224154e-05
0.0,2.402365e-06
0.0,2.2400799e-10
0.0,3.534045e-12
1.0,0.80664873
1.0,0.88732976
0.0,1.1675776e-05
0.0,0.00010418789
0.0,1.7166e-05
0.0,0.0038985724
0.0,0.0006460001
0.0,0.007789037
0.0,0.0019748171
0.0,0.00013744662
0.0,0.0024427476
1.0,0.96101505
0.0,1.6277735e-15
1.0,0.60556746
0.0,0.0055357027
0.0,0.21069188
0.0,0.68386143
0.0,0.0033727074
1.0,0.92368186
0.0,4.6370074e-11
0.0,1.2811646e-09
0.0,4.388933e-11
0.0,0.0037878875
0.0,0.00019290189
0.0,0.0007174074
1.0,0.9678981
0.0,3.5711415e-05
1.0,0.63242173
1.0,0.8845601
1.0,0.97725064
0.0,0.019219508
0.0,0.9380934
1.0,0.97585094
1.0,0.9753422
1.0,0.9794463
0.0,1.2771815e-07
0.0,1.9628944e-05
0.0,8.590201e-06
0.0,2.2175389e-08
1.0,0.9817364
0.0,0.0003437395
0.0,5.652709e-05
1.0,0.96562284
1.0,0.983345
0.0,0.9359261
0.0,0.002744432
0.0,7.003793e-10
1.0,0.90234035
1.0,0.016921218
1.0,0.9785655
0.0,1.166948e-12
1.0,0.97110087
0.0,4.1198175e-05
1.0,0.96095127
1.0,0.9698369
0.0,0.00016506907
0.0,0.00021656904
0.0,2.7516136e-05
0.0,3.337995e-05
0.0,2.7726122e-05
1.0,0.9681696
0.0,0.00082697754
0.0,0.00028143454
0.0,1.5761785e-12
0.0,6.3626214e-16
0.0,8.327714e-06
0.0,0.009958275
0.0,0.004890311
0.0,0.0090643065
0.0,0.0062685898
0.0,0.000445169
1.0,0.9678137
0.0,1.018006e-05
0.0,3.6451693e-09
0.0,0.014029084
0.0,0.00023820784
0.0,0.0058988566
0.0,0.0034246936
1.0,0.98209375
0.0,0.00071465527
0.0,0.012790308
0.0,5.6114655e-05
1.0,0.947227
0.0,0.0041177846
0.0,0.20974095
0.0,0.00095118536
0.0,0.00013848116
0.0,1.147335e-05
1.0,0.97368115
1.0,0.89116126
0.0,0.0027282212
0.0,0.56281507
0.0,0.0006511245
1.0,0.984486
0.0,0.00048783293
1.0,0.9095049
0.0,0.0131429555
1.0,0.82746947
1.0,0.80663747
0.0,2.2610429e-08
0.0,0.00044955703
0.0,0.023904635
0.0,1.3543361e-05
0.0,2.0837948e-10
0.0,9.037024e-12
0.0,0.57905424
1.0,0.43446785
1.0,0.8642663
0.0,0.002451726
1.0,0.95819587
0.0,0.0012459293
0.0,0.0016978402
1.0,0.9411896
1.0,0.9846971
1.0,0.9876002
1.0,0.9854801
0.0,0.007395548
0.0,0.00029022337
0.0,0.002188391
1.0,0.9811276
1.0,0.9749825
0.0,0.012322617
1.0,0.84612113
0.0,3.1868532e-09
0.0,0.00032811597
1.0,0.9859973
0.0,0.00041351593
0.0,0.0026119866
0.0,0.00053410657
0.0,0.10715188
0.0,0.0018089468
0.0,0.0014800183
1.0,0.9522114
0.0,4.2189436e-05
0.0,2.8725236e-07
0.0,0.005427767
1.0,0.90855813
0.0,9.1569525e-08
1.0,0.9748964
0.0,2.9586377e-06
0.0,2.2854478e-13
0.0,0.0047502876
0.0,0.0007645889
1.0,0.96766716
1.0,0.84574574
